vehicle_id,target_time,x_pred,y_pred,z_pred,status
45,16580.0,104.0528419315815,49.65256118774414,0.002118706244800676,predicted_5_steps
46,16580.0,-114.23270457983017,55.91298705339432,-0.057083868421614094,predicted_5_steps
47,16580.0,-110.36454850435257,-7.635970711708069,-0.006850418809335661,predicted_5_steps
48,16580.0,-87.36903381347656,21.988272726535797,-0.014933036611182574,predicted_5_steps
49,16580.0,-11.612618118524551,130.01429825648665,0.1430387580767274,predicted_5_steps
50,16580.0,20.586809694767002,-70.87995231151581,0.007279674784513128,predicted_5_steps
