vehicle_id,target_time,x_pred,y_pred,z_pred,status
45,2.0,105.98493957519533,62.44650268554688,0.0015032958472147,earliest_available
46,2.0,-110.76255798339844,46.66009140014648,-0.0548222139477729,earliest_available
47,2.0,-106.68788146972656,-4.847376823425293,-0.0146558759734034,earliest_available
48,2.0,-87.27456665039062,24.441240310668945,-0.0130630685016512,earliest_available
49,2.0,3.0477840900421143,130.21006774902344,0.1398258954286575,earliest_available
50,2.0,32.992462158203125,-67.90009307861328,0.0237394329160451,earliest_available
